time,event,value
1,participant_id,302288b3-2da8-4d03-9f79-0867fe9b290a
1,condition,negative
2,lessons,4;1;5;3;2
656,hmd_pitch,53.10762
668,starting_story,9;neutral
1327,hmd_pitch,74.29154
1994,hmd_pitch,73.91564
2660,hmd_pitch,49.29999
3327,hmd_pitch,11.36085
3992,hmd_pitch,348.2852
4660,hmd_pitch,332.8712
5325,hmd_pitch,327.8952
5992,hmd_pitch,352.7224
6659,hmd_pitch,35.45626
7324,hmd_pitch,67.48405
7991,hmd_pitch,73.46615
8657,hmd_pitch,73.03128
9323,hmd_pitch,79.22137
